prs_id	trait	rsid	chrom	pos	effect_allele	weight	reference
PGS000013	Coronary artery disease	rs10455872	chr6	160589086	G	0.49	PGS000013_Khera2018
PGS000013	Coronary artery disease	rs11206510	chr1	55030366	T	0.09	PGS000013_Khera2018
PGS000013	Coronary artery disease	rs2505083	chr10	30046193	T	0.06	PGS000013_Khera2018
PGS000013	Coronary artery disease	rs9349379	chr6	12903725	A	-0.10	PGS000013_Khera2018
PGS000013	Coronary artery disease	rs1333049	chr9	22125504	C	0.29	PGS000013_Khera2018
PGS000013	Coronary artery disease	rs4977574	chr9	22098575	G	0.28	PGS000013_Khera2018
PGS000013	Coronary artery disease	rs2891168	chr9	22098620	G	0.18	PGS000013_Khera2018
PGS000013	Coronary artery disease	rs12413409	chr10	102959339	G	0.12	PGS000013_Khera2018
PGS000013	Coronary artery disease	rs6725887	chr2	202881162	C	0.14	PGS000013_Khera2018
PGS000013	Coronary artery disease	rs515135	chr2	21063185	G	0.10	PGS000013_Khera2018
PGS000013	Coronary artery disease	rs3184504	chr12	111446804	T	0.07	PGS000013_Khera2018
PGS000013	Coronary artery disease	rs2306374	chr3	138401110	C	0.08	PGS000013_Khera2018
PGS000013	Coronary artery disease	rs264	chr8	19955669	G	-0.05	PGS000013_Khera2018
PGS000013	Coronary artery disease	rs17114036	chr1	56497149	A	-0.15	PGS000013_Khera2018
PGS000013	Coronary artery disease	rs7528419	chr1	109274570	A	-0.08	PGS000013_Khera2018
PGS000013	Coronary artery disease	rs56289821	chr19	11077571	T	0.09	PGS000013_Khera2018
PGS000013	Coronary artery disease	rs17609940	chr6	35067023	G	0.07	PGS000013_Khera2018
PGS000013	Coronary artery disease	rs11556924	chr7	130023656	C	-0.08	PGS000013_Khera2018
PGS000013	Coronary artery disease	rs12190287	chr6	133893387	C	0.07	PGS000013_Khera2018
PGS000013	Coronary artery disease	rs1800449	chr5	122077513	C	0.10	PGS000013_Khera2018
PGS000013	Coronary artery disease	rs2048327	chr6	160442500	T	0.06	PGS000013_Khera2018
PGS000013	Coronary artery disease	rs579459	chr9	133278724	C	0.08	PGS000013_Khera2018
PGS000013	Coronary artery disease	rs7568458	chr2	85561052	A	-0.05	PGS000013_Khera2018
PGS000013	Coronary artery disease	rs974819	chr11	103789839	T	0.06	PGS000013_Khera2018
PGS000013	Coronary artery disease	rs11057830	chr12	124822507	G	0.07	PGS000013_Khera2018
PGS000013	Coronary artery disease	rs273909	chr5	132331660	C	0.10	PGS000013_Khera2018
PGS000013	Coronary artery disease	rs10947789	chr6	39207146	T	-0.05	PGS000013_Khera2018
PGS000013	Coronary artery disease	rs4773144	chr13	110308365	G	0.06	PGS000013_Khera2018
PGS000013	Coronary artery disease	rs16986953	chr2	19742712	A	0.12	PGS000013_Khera2018
PGS000013	Coronary artery disease	rs8055236	chr16	83178793	G	0.07	PGS000013_Khera2018
PGS000013	Coronary artery disease	rs216172	chr17	2223210	C	-0.05	PGS000013_Khera2018
PGS000013	Coronary artery disease	rs3918226	chr7	150993088	T	0.12	PGS000013_Khera2018
PGS000013	Coronary artery disease	rs1746048	chr10	44280376	C	0.09	PGS000013_Khera2018
PGS000013	Coronary artery disease	rs46522	chr17	48911235	T	0.06	PGS000013_Khera2018
PGS000013	Coronary artery disease	rs6544713	chr2	43846742	T	0.06	PGS000013_Khera2018
PGS000013	Coronary artery disease	rs2895811	chr14	99667605	C	-0.06	PGS000013_Khera2018
PGS000013	Coronary artery disease	rs3798220	chr6	160540105	C	0.47	PGS000013_Khera2018
PGS000013	Coronary artery disease	rs9818870	chr3	138403280	T	0.07	PGS000013_Khera2018
PGS000013	Coronary artery disease	rs12526453	chr6	12927312	C	0.08	PGS000013_Khera2018
PGS000014	Type 2 diabetes	rs7903146	chr10	112998590	T	0.34	PGS000014_Mahajan2018
PGS000014	Type 2 diabetes	rs5219	chr11	17388025	T	0.16	PGS000014_Mahajan2018
PGS000014	Type 2 diabetes	rs13266634	chr8	117172544	T	0.13	PGS000014_Mahajan2018
PGS000014	Type 2 diabetes	rs1801282	chr3	12351626	C	0.14	PGS000014_Mahajan2018
PGS000014	Type 2 diabetes	rs10811661	chr9	22134095	T	0.18	PGS000014_Mahajan2018
PGS000014	Type 2 diabetes	rs4402960	chr3	185793899	T	0.12	PGS000014_Mahajan2018
PGS000014	Type 2 diabetes	rs12779790	chr10	12286011	G	0.11	PGS000014_Mahajan2018
PGS000014	Type 2 diabetes	rs10830963	chr11	92975544	G	0.10	PGS000014_Mahajan2018
PGS000014	Type 2 diabetes	rs2943641	chr2	226229029	C	-0.09	PGS000014_Mahajan2018
PGS000014	Type 2 diabetes	rs1111875	chr10	92703125	C	0.10	PGS000014_Mahajan2018
PGS000014	Type 2 diabetes	rs7756992	chr6	20679478	G	0.15	PGS000014_Mahajan2018
PGS000014	Type 2 diabetes	rs231362	chr11	2670241	G	0.09	PGS000014_Mahajan2018
PGS000014	Type 2 diabetes	rs10401969	chr19	19296909	C	0.10	PGS000014_Mahajan2018
PGS000014	Type 2 diabetes	rs11708067	chr3	123346931	A	0.09	PGS000014_Mahajan2018
PGS000014	Type 2 diabetes	rs2191349	chr7	15024684	T	-0.06	PGS000014_Mahajan2018
PGS000014	Type 2 diabetes	rs243021	chr2	60357684	A	0.08	PGS000014_Mahajan2018
PGS000014	Type 2 diabetes	rs1387153	chr11	92940662	T	0.07	PGS000014_Mahajan2018
PGS000014	Type 2 diabetes	rs4607517	chr7	44196069	A	0.08	PGS000014_Mahajan2018
PGS000014	Type 2 diabetes	rs340874	chr1	213985913	C	0.07	PGS000014_Mahajan2018
PGS000014	Type 2 diabetes	rs896854	chr8	94948283	T	0.06	PGS000014_Mahajan2018
PGS000014	Type 2 diabetes	rs1552224	chr11	72722053	A	0.11	PGS000014_Mahajan2018
PGS000014	Type 2 diabetes	rs7578597	chr2	43505684	T	0.13	PGS000014_Mahajan2018
PGS000014	Type 2 diabetes	rs1531343	chr12	65781114	C	0.10	PGS000014_Mahajan2018
PGS000014	Type 2 diabetes	rs7961581	chr12	71269322	C	0.07	PGS000014_Mahajan2018
PGS000014	Type 2 diabetes	rs163184	chr11	2825839	G	0.07	PGS000014_Mahajan2018
PGS000014	Type 2 diabetes	rs831571	chr3	64062621	C	-0.06	PGS000014_Mahajan2018
PGS000014	Type 2 diabetes	rs6467136	chr7	127524904	G	0.06	PGS000014_Mahajan2018
PGS000014	Type 2 diabetes	rs11634397	chr15	80139880	G	0.06	PGS000014_Mahajan2018
PGS000014	Type 2 diabetes	rs8042680	chr15	90978107	A	0.07	PGS000014_Mahajan2018
PGS000014	Type 2 diabetes	rs2796441	chr9	81694033	G	0.06	PGS000014_Mahajan2018
PGS000014	Type 2 diabetes	rs780094	chr2	27518370	C	0.07	PGS000014_Mahajan2018
PGS000014	Type 2 diabetes	rs10203174	chr2	43462891	C	0.10	PGS000014_Mahajan2018
PGS000014	Type 2 diabetes	rs3802177	chr8	117172786	A	0.09	PGS000014_Mahajan2018
PGS000014	Type 2 diabetes	rs17168486	chr7	14858657	T	0.08	PGS000014_Mahajan2018
PGS000014	Type 2 diabetes	rs10228796	chr7	15024565	A	0.07	PGS000014_Mahajan2018
PGS000014	Type 2 diabetes	rs9472138	chr6	43844025	T	0.06	PGS000014_Mahajan2018
PGS000014	Type 2 diabetes	rs12518099	chr5	90250292	C	0.08	PGS000014_Mahajan2018
PGS000014	Type 2 diabetes	rs7177055	chr15	77540420	A	0.06	PGS000014_Mahajan2018
PGS000014	Type 2 diabetes	rs2075423	chr1	213981376	G	-0.06	PGS000014_Mahajan2018
PGS000014	Type 2 diabetes	rs4275659	chr12	122963381	C	0.06	PGS000014_Mahajan2018
