rsid	chrom	pos	ref	alt	gene	trait_category	trait	effect_allele	effect_description	evidence_level	pmid
rs9939609	chr16	53786615	T	A	FTO	nutrigenomics	Obesity susceptibility	A	Each A allele increases BMI by ~0.35 kg/m2 and obesity risk by ~1.2x	strong	17434869
rs4988235	chr2	135851076	G	A	MCM6	nutrigenomics	Lactose tolerance	A	A allele (T on coding strand) confers lactase persistence in Europeans	strong	11788828
rs174547	chr11	61803311	T	C	FADS1	nutrigenomics	Omega-3/6 metabolism	C	C allele associated with lower desaturase activity and altered fatty acid levels	strong	21829377
rs1801133	chr1	11796321	G	A	MTHFR	nutrigenomics	Folate metabolism (C677T)	A	A allele (677T) reduces enzyme activity ~35% per allele; homozygous ~70% reduction	strong	8630491
rs1801131	chr1	11794419	T	G	MTHFR	nutrigenomics	Folate metabolism (A1298C)	G	G allele (1298C) mildly reduces MTHFR activity; compound heterozygosity with C677T increases risk	moderate	10444342
rs5082	chr1	161223893	G	A	APOA2	nutrigenomics	Saturated fat sensitivity	A	AA homozygotes have higher BMI on high saturated fat diets	moderate	19131637
rs713598	chr7	141973545	C	A	TAS2R38	nutrigenomics	Bitter taste perception	C	Part of PAV haplotype conferring strong bitter taste sensitivity	strong	12595690
rs4654748	chr1	21459575	C	A	NBPF3	nutrigenomics	Vitamin B6 levels	C	C allele associated with lower plasma vitamin B6 levels	moderate	19744961
rs1815739	chr11	66560624	C	A	ACTN3	exercise	Sprint/power muscle fiber	T	T allele (577X) causes alpha-actinin-3 deficiency; CC genotype favors sprint/power	strong	12879365
rs1800012	chr17	50200388	C	A	COL1A1	exercise	Tendon/ligament injury risk	T	T allele associated with reduced risk of cruciate ligament rupture	moderate	18191882
rs12722	chr9	134842570	C	T	COL5A1	exercise	Ligament flexibility	C	C allele associated with increased ligament and tendon injury risk	moderate	19584899
rs8192678	chr4	23814039	C	T	PPARGC1A	exercise	Endurance capacity	A	A allele (Gly482Ser) associated with reduced aerobic capacity	moderate	14613869
rs1800795	chr7	22727026	C	G	IL6	exercise	Exercise recovery/inflammation	C	C allele associated with higher IL-6 levels and increased inflammation response	moderate	9831340
rs1800629	chr6	31575254	G	A	TNF	exercise	Inflammation response	A	A allele associated with higher TNF-alpha production and inflammation	moderate	8833553
rs4253778	chr22	46234737	G	C	PPARA	exercise	Endurance vs power	C	C allele (intron 7 G>C) associated with endurance athlete status	moderate	15166659
rs762551	chr15	74749576	C	A	CYP1A2	metabolism	Caffeine metabolism	C	C allele = slow caffeine metabolizer; AC/CC genotypes at higher cardiovascular risk with high coffee intake	strong	16522833
rs1229984	chr4	99318162	T	A	ADH1B	metabolism	Alcohol metabolism	C	C allele (His48Arg) causes rapid alcohol to acetaldehyde conversion; protective against alcoholism	strong	19584899
rs671	chr12	111803962	G	A	ALDH2	metabolism	Alcohol flush reaction	A	A allele causes alcohol flush reaction and acetaldehyde accumulation; very common in East Asians	strong	20855893
rs6025	chr1	169549811	C	A	F5	cardiovascular	Factor V Leiden thrombophilia	T	T allele (Arg506Gln) causes activated protein C resistance; 3-8x increased VTE risk heterozygous	strong	7989264
rs1799963	chr11	46739505	G	A	F2	cardiovascular	Prothrombin thrombophilia	A	A allele (20210G>A) increases prothrombin levels; 2-3x increased VTE risk	strong	8679209
rs429358	chr19	44908684	T	C	APOE	cardiovascular	APOE e4 allele (part 1)	C	Part of APOE e4 haplotype. e4 carriers have increased LDL and Alzheimer risk	strong	8346443
rs7412	chr19	44908822	C	T	APOE	cardiovascular	APOE e2 allele (part 2)	T	Part of APOE e2 haplotype. e2/e2 associated with type III hyperlipoproteinemia	strong	8346443
rs1800562	chr6	26092913	G	A	HFE	other	Hereditary hemochromatosis (C282Y)	A	A allele (C282Y) most common HFE mutation; homozygous = high iron overload risk	strong	8696333
rs1799945	chr6	26090951	C	G	HFE	other	Hereditary hemochromatosis (H63D)	G	G allele (H63D) mildly increases iron absorption; compound heterozygote C282Y/H63D increases risk	strong	8696333
rs3064744	chr2	233760234	ATATATATATATATA	ATATATATATA	UGT1A1	other	Gilbert syndrome	TAn	(TA)7 repeat (*28) reduces UGT1A1 expression; causes benign unconjugated hyperbilirubinemia	strong	7481376
rs1801260	chr4	55435202	A	G	CLOCK	sleep	Evening chronotype	G	G allele (3111T>C) associated with evening preference and delayed sleep phase	moderate	9545397
rs73598374	chr20	44651586	C	A	ADA	sleep	Deep sleep efficiency	T	T allele associated with increased slow-wave sleep and deeper sleep	moderate	15800623
rs4753426	chr11	92968430	T	A	MTNR1B	sleep	Melatonin receptor sensitivity	C	C allele associated with later chronotype and altered melatonin signaling	moderate	22065738
rs1805007	chr16	89919709	C	A	MC1R	skin	Red hair / fair skin	T	T allele (Arg151Cys) one of the most penetrant red hair variants; increased melanoma risk	strong	8528268
rs16891982	chr5	33951588	C	A	SLC45A2	skin	Skin pigmentation	C	C allele (Leu374Phe) strongly associated with lighter skin in Europeans	strong	17570750
rs12913832	chr15	28120472	A	C	HERC2	skin	Eye color	A	A allele associated with blue eye color; major determinant of eye color variation	strong	18172690
rs12785878	chr11	71456403	G	A	DHCR7	vitamins	Vitamin D levels	T	T allele associated with lower 25-hydroxyvitamin D levels	strong	20541252
rs2282679	chr4	71742666	T	G	GC	vitamins	Vitamin D binding protein	C	C allele associated with lower circulating vitamin D levels	strong	20541252
rs602662	chr19	48703728	G	A	FUT2	vitamins	Vitamin B12 absorption	A	A allele associated with lower serum vitamin B12 levels (secretor status)	moderate	18776911
rs2476601	chr1	113834946	A	G	PTPN22	immune	Autoimmune susceptibility	A	A allele (Arg620Trp) increases risk of type 1 diabetes, RA, lupus, thyroiditis	strong	15208781
rs3087243	chr2	203874196	G	A	CTLA4	immune	Autoimmune susceptibility	G	G allele associated with increased risk of autoimmune thyroid disease and type 1 diabetes	moderate	12724780
rs6265	chr11	27658369	C	T	BDNF	cognition	Memory and learning	T	T allele (Val66Met) reduces activity-dependent BDNF secretion; affects hippocampal function	strong	12686112
rs4680	chr22	19963748	G	A	COMT	cognition	Dopamine metabolism (Warrior/Worrier)	A	A allele (Met) = slower dopamine breakdown = higher prefrontal dopamine; better working memory, more stress sensitivity	strong	15457404
rs2802292	chr6	108587315	G	T	FOXO3	longevity	Longevity association	T	T allele associated with exceptional longevity in multiple populations	strong	18765803
rs1556516	chr9	22100177	G	A	CDKN2B-AS1	longevity	Cardiovascular aging	G	G allele at 9p21 locus associated with increased cardiovascular disease risk and biological aging	strong	17478679
